Date,Open,High,Low,Close,Volume,Dividends,Stock Splits,Capital Gains
2020-10-12 00:00:00-04:00,23.384973612416275,23.45710010903622,22.695765546295522,23.016326904296875,4243300,0.0,0.0,0.0
2020-10-19 00:00:00-04:00,23.096469851902626,23.57731269952536,22.67172658482432,23.433059692382812,3710400,0.0,0.0,0.0
2020-10-26 00:00:00-04:00,23.192635047934985,23.192635047934985,21.357418927922836,22.11875343322754,5552500,0.0,0.0,0.0
2020-11-02 00:00:00-05:00,22.35116297862036,23.3769609200351,22.156421730690322,22.591585159301758,4756900,0.0,0.0,0.0
2020-11-09 00:00:00-05:00,23.857800315865035,25.42053738665734,23.857800315865035,25.067920684814453,8785700,0.0,0.0,0.0
2020-11-16 00:00:00-05:00,25.7090435183797,26.101729792835247,25.083946277455226,25.420536041259766,4356800,0.0,0.0,0.0
2020-11-23 00:00:00-05:00,25.660958403676496,26.983273270243824,25.64492995560058,26.39824867248535,3644800,0.0,0.0,0.0
2020-11-30 00:00:00-05:00,26.31009834886338,27.319866180419922,25.73308641248018,27.319866180419922,4765900,0.0,0.0,0.0
2020-12-07 00:00:00-05:00,27.207666853325872,27.375159998563365,26.698773593076858,26.927173614501953,3796700,0.0,0.0,0.0
2020-12-14 00:00:00-05:00,27.247737281351974,27.247737281351974,25.973504739145376,26.14981460571289,4467000,0.607,0.0,0.0
2020-12-21 00:00:00-05:00,26.263937926118597,26.73730746478927,25.99460612283562,26.598562240600586,3352800,0.0,0.0,0.0
2020-12-28 00:00:00-05:00,26.78627831903432,26.9984809287044,26.353716011203666,26.88421630859375,3057200,0.0,0.0,0.0
2021-01-04 00:00:00-05:00,27.03112193611881,28.059481612526497,26.258222317986892,27.724857330322266,5390900,0.0,0.0,0.0
2021-01-11 00:00:00-05:00,27.480011288317616,28.814430046958257,27.3428974771938,28.38594627380371,4531500,0.0,0.0,0.0
2021-01-18 00:00:00-05:00,28.565493367686646,28.565493367686646,27.790143639313957,28.116607666015625,3200400,0.0,0.0,0.0
2021-01-25 00:00:00-05:00,27.920733243578127,28.45939679732139,27.32493894272514,27.414716720581055,6857000,0.0,0.0,0.0
2021-02-01 00:00:00-05:00,27.65956728383973,28.81034882270312,27.235165162028686,28.679763793945312,4406600,0.0,0.0,0.0
2021-02-08 00:00:00-05:00,28.794021200609034,29.418380877654045,28.777697685166995,29.37349510192871,4997700,0.0,0.0,0.0
2021-02-15 00:00:00-05:00,29.52856722338247,29.903998781535392,29.373498478943464,29.806060791015625,3654300,0.0,0.0,0.0
2021-02-22 00:00:00-05:00,29.789735195565918,31.37307890431721,29.789735195565918,30.050905227661133,8364100,0.0,0.0,0.0
2021-03-01 00:00:00-05:00,30.499795535901164,31.454701136587456,30.148847669615662,31.356760025024414,9332600,0.0,0.0,0.0
2021-03-08 00:00:00-05:00,31.56079908667636,32.53202819824219,31.471024405212543,32.53202819824219,7766900,0.0,0.0,0.0
2021-03-15 00:00:00-04:00,32.533657976556,32.62180434914196,31.08742793815334,31.307790756225586,8732600,0.636,0.0,0.0
2021-03-22 00:00:00-04:00,31.79039312741371,32.29645156596995,30.75753806992339,32.27156448364258,9646900,0.0,0.0,0.0
2021-03-29 00:00:00-04:00,32.06416748132423,32.32134246826172,31.715732464135765,32.32134246826172,5282800,0.0,0.0,0.0
2021-04-05 00:00:00-04:00,32.58681441508323,32.58681441508323,32.071632142331026,32.32963943481445,5989600,0.0,0.0,0.0
2021-04-12 00:00:00-04:00,32.38771756574657,32.95184813214456,32.081594340880116,32.785926818847656,5767400,0.0,0.0,0.0
2021-04-19 00:00:00-04:00,32.810808601120335,32.91865791202179,32.22179104064024,32.79421615600586,5824200,0.0,0.0,0.0
2021-04-26 00:00:00-04:00,32.87717680523002,33.72751821495024,32.819104832456354,33.35834503173828,6248800,0.0,0.0,0.0
2021-05-03 00:00:00-04:00,33.6238174698647,34.644229049973035,33.47448863719663,34.62763977050781,7174600,0.0,0.0,0.0
2021-05-10 00:00:00-04:00,34.868221458868696,35.183471560759614,33.44130610785437,34.68571090698242,22865700,0.0,0.0,0.0
2021-05-17 00:00:00-04:00,34.67741046046017,34.9428832108712,33.64040654020308,34.38705062866211,15380000,0.0,0.0,0.0
2021-05-24 00:00:00-04:00,34.56956481839097,34.69400656784113,34.01788107969765,34.544677734375,8125000,0.0,0.0,0.0
2021-05-31 00:00:00-04:00,34.79355946260457,35.30791576056692,34.73465834024147,35.191768646240234,5783800,0.0,0.0,0.0
2021-06-07 00:00:00-04:00,35.24154980932342,35.374286218288105,34.92629965127518,35.11711120605469,7501300,0.0,0.0,0.0
2021-06-14 00:00:00-04:00,35.11711465373503,35.191775924214895,32.59511947111934,32.6200065612793,12235000,0.0,0.0,0.0
2021-06-21 00:00:00-04:00,32.860585272935324,33.7980378325196,32.860585272935324,33.77314758300781,8085300,0.0,0.0,0.0
2021-06-28 00:00:00-04:00,33.748268565895366,33.75656320792534,33.09702998487499,33.48279571533203,6964800,0.0,0.0,0.0
2021-07-05 00:00:00-04:00,33.40812852129516,33.40812852129516,32.31305231192164,33.316871643066406,9316300,0.0,0.0,0.0
2021-07-12 00:00:00-04:00,33.16753693951055,33.51597194367848,32.54533451356121,32.59511184692383,7729000,0.0,0.0,0.0
2021-07-19 00:00:00-04:00,32.03927457009518,32.96013462477182,31.458551699474462,32.57851791381836,10587800,0.0,0.0,0.0
2021-07-26 00:00:00-04:00,32.57851311428394,33.23970749884508,32.49140517122651,32.76932144165039,8820400,0.0,0.0,0.0
2021-08-02 00:00:00-04:00,32.92695429859136,33.341755954397335,32.45408066414739,33.126060485839844,7723400,0.0,0.0,0.0
2021-08-09 00:00:00-04:00,33.04309918499038,33.72337360131272,32.902064985921704,33.640411376953125,5072100,0.0,0.0,0.0
2021-08-16 00:00:00-04:00,33.54916172140383,33.739970131403105,32.503862787345604,32.96014404296875,8088700,0.0,0.0,0.0
2021-08-23 00:00:00-04:00,33.15095285916638,33.71093455086923,33.10947331990802,33.59064483642578,4207500,0.0,0.0,0.0
2021-08-30 00:00:00-04:00,33.63212437568414,33.73997054481868,33.32516882286309,33.59064483642578,4510300,0.0,0.0,0.0
2021-09-06 00:00:00-04:00,33.565744213077515,33.565744213077515,32.835695686512565,32.843990325927734,4231600,0.0,0.0,0.0
2021-09-13 00:00:00-04:00,33.10946515484278,33.358345493703006,32.46237564086914,32.46237564086914,5316500,0.387,0.0,0.0
2021-09-20 00:00:00-04:00,32.34477369653393,33.203445503929515,31.90915347217292,33.014957427978516,7659800,0.0,0.0,0.0
2021-09-27 00:00:00-04:00,33.207647011042376,33.672587841241054,32.75527163100757,33.283042907714844,6491400,0.0,0.0,0.0
2021-10-04 00:00:00-04:00,33.25790615448041,33.85939548514616,32.847416745795066,33.601375579833984,7006200,0.0,0.0,0.0
2021-10-11 00:00:00-04:00,33.67677252239525,34.271560512572044,33.06522953585855,34.02861785888672,6243700,0.0,0.0,0.0
2021-10-18 00:00:00-04:00,33.911330615847255,34.50611851018454,33.77729386225451,34.3720817565918,3711500,0.0,0.0,0.0
2021-10-25 00:00:00-04:00,34.44748062436704,34.519527422936676,33.67677002314125,33.7689208984375,5244000,0.0,0.0,0.0
2021-11-01 00:00:00-04:00,33.92808996456386,34.85210737133867,33.87782497713139,34.68204879760742,4416300,0.0,0.0,0.0
2021-11-08 00:00:00-05:00,34.774198089959704,34.90823486695918,34.37208775896127,34.7574462890625,4314500,0.0,0.0,0.0
2021-11-15 00:00:00-05:00,34.88310282381292,35.01713959640852,33.94484541564376,33.978355407714844,4687500,0.0,0.0,0.0
2021-11-22 00:00:00-05:00,34.08726382330521,34.69880690089008,33.425458944846326,33.7270393371582,5984600,0.0,0.0,0.0
2021-11-29 00:00:00-05:00,34.07050684281905,34.07050684281905,32.59023809249325,33.42545700073242,11730100,0.0,0.0,0.0
2021-12-06 00:00:00-05:00,33.71865824559203,34.43910710699439,33.71865824559203,34.246429443359375,5373200,0.0,0.0,0.0
2021-12-13 00:00:00-05:00,34.229666374677535,34.98781140213929,33.87781792724638,34.17940139770508,9240600,0.128,0.0,0.0
2021-12-20 00:00:00-05:00,33.8987841268989,34.86516125441293,33.499630168695354,34.688690185546875,6384100,0.0,0.0,0.0
2021-12-27 00:00:00-05:00,34.688690899525795,35.51221081734523,34.537431812008705,35.33574295043945,4456400,0.0,0.0,0.0
2022-01-03 00:00:00-05:00,35.470194659722246,36.82312136642878,35.36095448004973,36.73908996582031,8942300,0.0,0.0,0.0
2022-01-10 00:00:00-05:00,36.739088137679694,37.218074149616974,36.42396559268979,37.1424446105957,9698600,0.0,0.0,0.0
2022-01-17 00:00:00-05:00,37.05842099269329,37.117243628745726,35.235752729311756,35.35255813598633,9847400,0.0,0.0,0.0
2022-01-24 00:00:00-05:00,34.99961730307123,36.184478125372756,34.285337501739356,35.831539154052734,17958100,0.0,0.0,0.0
2022-01-31 00:00:00-05:00,35.54582162595193,36.54160999950363,35.42817639139066,36.10043716430664,8684600,0.0,0.0,0.0
2022-02-07 00:00:00-05:00,36.14245670562837,36.83572700370512,36.00800453674502,36.27690887451172,8997100,0.0,0.0,0.0
2022-02-14 00:00:00-05:00,36.27690947192626,36.5735453958433,35.62145553852488,35.999603271484375,8006300,0.0,0.0,0.0
2022-02-21 00:00:00-05:00,36.10043971447928,36.30211956339706,34.34835904972539,36.22649002075195,12489700,0.0,0.0,0.0
2022-02-28 00:00:00-05:00,35.65506878705495,36.47438619011942,34.92398531927492,36.377750396728516,15385700,0.0,0.0,0.0
2022-03-07 00:00:00-05:00,36.209685613943954,36.37775163211387,35.6659946577223,35.898765563964844,18837000,0.0,0.0,0.0
2022-03-14 00:00:00-04:00,36.07523410159194,36.587834023886685,35.59624802466567,35.932376861572266,10605300,0.653,0.0,0.0
2022-03-21 00:00:00-04:00,36.650749913928585,37.73423385620117,36.59956379748705,37.73423385620117,10280600,0.0,0.0,0.0
2022-03-28 00:00:00-04:00,37.555064795483084,38.04135228412289,37.20101240768795,37.7086296081543,10213200,0.0,0.0,0.0
2022-04-04 00:00:00-04:00,37.7086553079315,38.020048484298975,37.137051836874726,37.89634323120117,10873400,0.0,0.0,0.0
2022-04-11 00:00:00-04:00,37.87073117936961,38.18212745410032,37.47828914489456,37.964576721191406,8034300,0.0,0.0,0.0
2022-04-18 00:00:00-04:00,37.96458133048032,39.09498805469523,37.59346571216173,37.64038848876953,13556500,0.0,0.0,0.0
2022-04-25 00:00:00-04:00,37.367381115159596,37.597728379594834,36.36494629629977,36.428932189941406,15221700,0.0,0.0,0.0
2022-05-02 00:00:00-04:00,36.548375732409596,37.87927013322744,35.73789523039472,37.392982482910156,29625900,0.0,0.0,0.0
2022-05-09 00:00:00-04:00,36.96641506846151,37.209558899725636,35.865867935599354,36.90669250488281,58494000,0.0,0.0,0.0
2022-05-16 00:00:00-04:00,36.9237537981964,37.75982733887285,35.750690884506895,36.36921691894531,17640300,0.0,0.0,0.0
2022-05-23 00:00:00-04:00,36.770194024974764,38.35702896118164,36.23698353589764,38.35702896118164,15017300,0.0,0.0,0.0
2022-05-30 00:00:00-04:00,38.16933587056343,38.29900975384262,37.23941677440219,37.665985107421875,11442500,0.0,0.0,0.0
2022-06-06 00:00:00-04:00,37.862214469561735,38.22053038589134,36.09622144317422,36.1985969543457,11211400,0.0,0.0,0.0
2022-06-13 00:00:00-04:00,35.55873903437837,35.59030402580852,32.67513598646513,32.95667266845703,19217500,0.405,0.0,0.0
2022-06-20 00:00:00-04:00,33.84290683305392,34.825612484696634,33.53258236702244,34.782508850097656,11231800,0.0,0.0,0.0
2022-06-27 00:00:00-04:00,34.87733241508905,35.59281067563939,34.144616646303554,34.89457321166992,8019300,0.0,0.0,0.0
2022-07-04 00:00:00-04:00,34.49804358122042,34.66958670626781,33.692053632311335,34.37736129760742,9340100,0.0,0.0,0.0
2022-07-11 00:00:00-04:00,34.21357589649167,34.52390365238023,33.20501397819951,34.13599395751953,10267500,0.0,0.0,0.0
2022-07-18 00:00:00-04:00,34.36011860883195,34.72647646057445,33.94634939280383,34.42045974731445,9384200,0.0,0.0,0.0
2022-07-25 00:00:00-04:00,34.541143891864515,35.73935126129587,34.3946020585824,35.696250915527344,8057300,0.0,0.0,0.0
2022-08-01 00:00:00-04:00,35.46350612201731,35.7091817171418,34.94715692780455,35.24800109863281,7976900,0.0,0.0,0.0
2022-08-08 00:00:00-04:00,35.46351080070683,37.13583210734057,35.43334022498643,37.11859130859375,8316700,0.0,0.0,0.0
2022-08-15 00:00:00-04:00,36.83412033555876,37.549598633038805,36.635856097163845,36.75653839111328,6206900,0.0,0.0,0.0
2022-08-22 00:00:00-04:00,36.368624376609326,36.618610977912745,35.53246717221019,35.558326721191406,5681300,0.0,0.0,0.0
2022-08-29 00:00:00-04:00,35.368681579906685,35.65314977465712,34.134269552956944,34.47218322753906,6112900,0.0,0.0,0.0
2022-09-05 00:00:00-04:00,34.60148660025419,35.70918230722087,34.07565380837154,35.62729263305664,5512300,0.0,0.0,0.0
2022-09-12 00:00:00-04:00,35.86003173758213,36.176393586699625,33.489476667978025,33.77394485473633,10436400,0.418,0.0,0.0
2022-09-19 00:00:00-04:00,33.80083582109626,34.41935548499528,31.74490812169604,32.171775817871094,15525200,0.0,0.0,0.0
2022-09-26 00:00:00-04:00,32.04807533109998,32.12822415706384,30.847624174361044,30.89989471435547,13185800,0.0,0.0,0.0
2022-10-03 00:00:00-04:00,31.379027990164715,32.83385638052816,31.065411413675662,31.25706672668457,8707400,0.0,0.0,0.0
2022-10-10 00:00:00-04:00,31.37902867131351,32.39827924383276,30.307507560513045,31.431299209594727,9706100,0.0,0.0,0.0
2022-10-17 00:00:00-04:00,31.962700585025107,32.69447148645538,31.52276936094737,32.38956832885742,6865700,0.0,0.0,0.0
2022-10-24 00:00:00-04:00,32.58993503179047,34.22335199072783,32.41134983900821,34.21028518676758,7630300,0.0,0.0,0.0
2022-10-31 00:00:00-04:00,33.983786458495324,34.5151920307508,32.781593841440554,33.85311508178711,6691400,0.0,0.0,0.0
2022-11-07 00:00:00-05:00,34.0012054292837,35.80449743706123,33.583051097949294,35.72609329223633,8063300,0.0,0.0,0.0
2022-11-14 00:00:00-05:00,35.612840501895555,35.856762997181455,34.53260613683914,35.27309036254883,19851900,0.0,0.0,0.0
2022-11-21 00:00:00-05:00,35.168552022794266,36.16166891408899,35.00303364864348,36.10940170288086,5630700,0.0,0.0,0.0
2022-11-28 00:00:00-05:00,35.813213514703776,36.701792780980604,35.3253650969845,36.24007797241211,6845100,0.0,0.0,0.0
2022-12-05 00:00:00-05:00,36.022284307481684,36.1094018652119,34.88107254837353,35.06401443481445,5602500,0.0,0.0,0.0
2022-12-12 00:00:00-05:00,35.14242292336763,36.49271366490558,33.735504931499754,34.0534782409668,17568400,0.507,0.0,0.0
2022-12-19 00:00:00-05:00,34.550638875322875,34.95649337768555,34.02126373012678,34.95649337768555,6933400,0.0,0.0,0.0
2022-12-26 00:00:00-05:00,35.03589942797963,35.203537468313485,34.590343311382384,34.92120361328125,12852700,0.0,0.0,0.0
2023-01-02 00:00:00-05:00,35.15059601639187,36.253463608063704,34.74474155042099,36.17405700683594,6258700,0.0,0.0,0.0
2023-01-09 00:00:00-05:00,36.193472480674814,36.87989726766045,35.785854333147846,36.685794830322266,6256100,0.0,0.0,0.0
2023-01-16 00:00:00-05:00,36.68579165674204,36.809312296822384,35.48587109764442,36.20052719116211,5469400,0.0,0.0,0.0
2023-01-23 00:00:00-05:00,36.27993681138168,37.06076906854117,36.10347729702978,36.906368255615234,4276100,0.0,0.0,0.0
2023-01-30 00:00:00-05:00,36.721084823911006,38.229810511586294,36.535803843810925,37.4798583984375,7634700,0.0,0.0,0.0
2023-02-06 00:00:00-05:00,37.171060783746505,37.37398807422717,36.2093598367033,36.65932846069336,6593900,0.0,0.0,0.0
2023-02-13 00:00:00-05:00,36.668148971694634,37.21517044535735,36.26670348631914,36.64167785644531,5387900,0.0,0.0,0.0
2023-02-20 00:00:00-05:00,36.35051691969047,36.368163205245736,35.25647077505793,35.59174346923828,4389700,0.0,0.0,0.0
2023-02-27 00:00:00-05:00,35.91642943036738,36.04171368838928,34.87708571172595,35.74173355102539,22369700,0.0,0.0,0.0
2023-03-06 00:00:00-05:00,35.829974323730625,35.918202413026876,32.98898542133781,33.236026763916016,8001900,0.0,0.0,0.0
2023-03-13 00:00:00-04:00,32.477250444260434,33.43012642220035,31.67877191121752,31.789058685302734,10459400,0.387,0.0,0.0
2023-03-20 00:00:00-04:00,32.36415348383469,33.095244297547275,31.432459769209398,32.19475555419922,11281400,0.0,0.0,0.0
2023-03-27 00:00:00-04:00,32.56921386502463,33.89766130403012,32.35523789969585,33.87982940673828,8873500,0.0,0.0,0.0
2023-04-03 00:00:00-04:00,33.853082619382825,34.042094605136086,33.288716515090535,33.71934509277344,6759400,0.0,0.0,0.0
2023-04-10 00:00:00-04:00,33.63018983547289,34.38802676865053,33.514284202969094,33.84416580200195,5583900,0.0,0.0,0.0
2023-04-17 00:00:00-04:00,33.879828896507114,34.34968900975669,33.621271491299304,33.83525085449219,6699200,0.0,0.0,0.0
2023-04-24 00:00:00-04:00,33.87091848398462,34.12501709343835,33.04175388448568,34.03139877319336,7119300,0.0,0.0,0.0
2023-05-01 00:00:00-04:00,34.03139482265256,34.13838620448758,32.11897063729205,33.02391815185547,7087400,0.0,0.0,0.0
2023-05-08 00:00:00-04:00,33.193312381447505,33.193312381447505,32.07884445270798,32.292823791503906,6948000,0.0,0.0,0.0
2023-05-15 00:00:00-04:00,32.38198688876858,32.488974880828295,31.713305986493204,32.132347106933594,6644800,0.0,0.0,0.0
2023-05-22 00:00:00-04:00,32.21258387202055,32.618248453537845,31.18281313214998,31.659805297851562,7216600,0.0,0.0,0.0
2023-05-29 00:00:00-04:00,31.731139185919574,32.34186899275445,31.04908518181716,32.3017463684082,7750900,0.0,0.0,0.0
2023-06-05 00:00:00-04:00,32.381981870632075,33.27355626883469,32.13234212748299,32.970420837402344,6444800,0.0,0.0,0.0
2023-06-12 00:00:00-04:00,32.98825698794587,33.63910597444248,32.818859054831464,33.16657257080078,6691200,0.465,0.0,0.0
2023-06-19 00:00:00-04:00,33.40088427161627,33.409910022439,32.253518843203246,32.28150177001953,4543700,0.0,0.0,0.0
2023-06-26 00:00:00-04:00,32.3537311789682,33.556164031744125,32.33567622832123,33.473114013671875,5081300,0.0,0.0,0.0
2023-07-03 00:00:00-04:00,33.49115772512935,33.88835965964851,33.03979439490589,33.500186920166016,4131100,0.0,0.0,0.0
2023-07-10 00:00:00-04:00,33.43699868372164,34.62859768392167,33.373808088531426,34.23139572143555,7688900,0.0,0.0,0.0
2023-07-17 00:00:00-04:00,34.16819711623389,34.90843258089744,33.93348973821087,34.74594497680664,6743700,0.0,0.0,0.0
2023-07-24 00:00:00-04:00,34.82719391042851,35.21987777783862,34.62859295629918,34.899410247802734,4513600,0.0,0.0,0.0
2023-07-31 00:00:00-04:00,35.00774129930324,35.1882873330588,34.18626011716314,34.285560607910156,4431300,0.0,0.0,0.0
2023-08-07 00:00:00-04:00,34.40291226801752,34.63761967558206,33.829678932072454,34.3397216796875,3264300,0.0,0.0,0.0
2023-08-14 00:00:00-04:00,34.21333836606077,34.21333836606077,32.922439096013456,33.19325637817383,3582800,0.0,0.0,0.0
2023-08-21 00:00:00-04:00,33.220341155211116,33.48213271903919,32.75092286809392,33.06687927246094,4755000,0.0,0.0,0.0
2023-08-28 00:00:00-04:00,33.202284955651606,33.96960467133874,33.17520425821838,33.75294876098633,3725400,0.0,0.0,0.0
2023-09-04 00:00:00-04:00,33.68975930815679,33.79808554517427,32.850223223106134,33.130069732666016,3235100,0.0,0.0,0.0
2023-09-11 00:00:00-04:00,33.28352771211005,33.65364546851445,32.985629734335085,33.05784606933594,3761700,0.441,0.0,0.0
2023-09-18 00:00:00-04:00,33.481215570580915,33.56343424410682,32.34385667265987,32.35755920410156,5096500,0.0,0.0,0.0
2023-09-25 00:00:00-04:00,32.29360107478041,32.439767170038806,31.5993129935217,32.037811279296875,4988800,0.0,0.0,0.0
2023-10-02 00:00:00-04:00,31.99213387111176,31.99213387111176,30.52133563051608,31.17908477783203,6614900,0.0,0.0,0.0
2023-10-09 00:00:00-04:00,31.087731342473983,32.12094443497657,31.078597485734353,31.581043243408203,6432700,0.0,0.0,0.0
2023-10-16 00:00:00-04:00,31.836831880819076,32.41693108140133,30.786264150625225,30.813669204711914,6816500,0.0,0.0,0.0
2023-10-23 00:00:00-04:00,30.676643888353173,30.978109971725974,30.03716583727069,30.14678955078125,7709100,0.0,0.0,0.0
2023-10-30 00:00:00-04:00,30.37517175318174,32.430634503397044,30.133997512914473,32.266197204589844,5087500,0.0,0.0,0.0
2023-11-06 00:00:00-05:00,32.284468727296044,32.31187378241447,31.042055117097366,31.370929718017578,4133900,0.0,0.0,0.0
2023-11-13 00:00:00-05:00,31.243039295364,32.86000399188671,31.005517167354874,32.73210906982422,6568700,0.0,0.0,0.0
2023-11-20 00:00:00-05:00,32.695561179246376,32.8325899363638,32.39866031151327,32.796051025390625,4855800,0.0,0.0,0.0
2023-11-27 00:00:00-05:00,32.76864232927838,34.275983044480576,32.57679997930709,34.266845703125,5833800,0.0,0.0,0.0
2023-12-04 00:00:00-05:00,34.065870661638414,34.56374775142926,34.02932826471576,34.49523162841797,6992700,0.0,0.0,0.0
2023-12-11 00:00:00-05:00,34.467827011705,36.68772712231668,34.25771345403854,35.51839828491211,9078400,0.534,0.0,0.0
2023-12-18 00:00:00-05:00,36.13933808358957,36.30600710965542,35.565257845013356,36.05600357055664,6509900,0.0,0.0,0.0
2023-12-25 00:00:00-05:00,36.06527160494598,36.55138674422363,36.03934546418451,36.28749465942383,3943100,0.0,0.0,0.0
2024-01-01 00:00:00-05:00,36.18564093566594,36.8615749193121,36.0467488911179,36.53749465942383,4912300,0.0,0.0,0.0
2024-01-08 00:00:00-05:00,36.44490051706051,36.80601557643664,35.91711642533059,36.139339447021484,5078500,0.0,0.0,0.0
2024-01-15 00:00:00-05:00,35.90786132047191,35.944899674588996,34.935627484015484,35.62082290649414,4974600,0.0,0.0,0.0
2024-01-22 00:00:00-05:00,35.685630174596945,36.35230273679303,35.50044197814262,36.167118072509766,4947000,0.0,0.0,0.0
2024-01-29 00:00:00-05:00,36.14860459041789,36.31990078506368,35.24581331514337,35.70415496826172,8343100,0.0,0.0,0.0
2024-02-05 00:00:00-05:00,35.38007410532756,35.546743152401376,35.02358969096894,35.324520111083984,6749600,0.0,0.0,0.0
2024-02-12 00:00:00-05:00,35.32451054500389,35.85970150216873,34.58375785542184,35.72266387939453,6649400,0.0,0.0,0.0
2024-02-19 00:00:00-05:00,35.58377855387048,36.18563934421343,35.47266704242161,35.95415496826172,5611100,0.0,0.0,0.0
2024-02-26 00:00:00-05:00,35.870823426013196,36.16712316922663,35.43563163284341,36.065269470214844,6248400,0.0,0.0,0.0
2024-03-04 00:00:00-05:00,36.06526697267703,37.16250066909631,36.05600561949646,37.00972366333008,5512800,0.0,0.0,0.0
2024-03-11 00:00:00-04:00,36.95416488338738,37.31527993737361,35.93748592050665,36.25045394897461,5491800,0.373,0.0,0.0
2024-03-18 00:00:00-04:00,36.633865634467526,37.66212124707974,36.390825473457085,37.11060333251953,5681000,0.0,0.0,0.0
2024-03-25 00:00:00-04:00,37.12929579033117,38.129505607645704,36.81147187678069,38.05472183227539,3498700,0.0,0.0,0.0
2024-04-01 00:00:00-04:00,38.11081182163231,38.11081182163231,36.91429987505437,37.29755783081055,4631000,0.0,0.0,0.0
2024-04-08 00:00:00-04:00,37.39103333394444,37.933205028912305,36.23190973160197,36.372127532958984,5279800,0.0,0.0,0.0
2024-04-15 00:00:00-04:00,36.67125853078969,36.802126587681286,35.558876481324035,36.465606689453125,5814700,0.0,0.0,0.0
2024-04-22 00:00:00-04:00,36.57778292258008,37.31158188064593,36.38334935912975,36.914302825927734,7451300,0.0,0.0,0.0
2024-04-29 00:00:00-04:00,37.04516711420911,37.64342307442894,36.68060511131807,37.39103317260742,7026100,0.0,0.0,0.0
2024-05-06 00:00:00-04:00,37.58733707167515,38.24168089724353,37.42842688457738,38.13885498046875,4123300,0.0,0.0,0.0
2024-05-13 00:00:00-04:00,38.27907207841173,38.867981867094436,38.22298424324155,38.718414306640625,4590200,0.0,0.0,0.0
2024-05-20 00:00:00-04:00,38.755798617827175,38.76514837147059,37.52656988929738,37.7088508605957,4776900,0.0,0.0,0.0
2024-05-27 00:00:00-04:00,37.76494631900436,38.222984495310605,36.81147451014489,38.21363830566406,3702800,0.0,0.0,0.0
2024-06-03 00:00:00-04:00,38.25103364746704,38.25103364746704,37.55930137833943,37.78364562988281,3715800,0.0,0.0,0.0
2024-06-10 00:00:00-04:00,37.624729978350764,38.204290037953996,37.26951413787075,37.531253814697266,4041600,0.0,0.0,0.0
2024-06-17 00:00:00-04:00,37.4284283532401,37.96592521554391,37.278864350031725,37.45647048950195,3217600,0.487,0.0,0.0
2024-06-24 00:00:00-04:00,37.99681627974733,38.540845125193975,37.52374834618015,38.063045501708984,4148400,0.0,0.0,0.0
2024-07-01 00:00:00-04:00,38.12927615766263,38.2995809088895,37.67513135746497,37.79813003540039,3084600,0.0,0.0,0.0
2024-07-08 00:00:00-04:00,37.88328538587196,39.48225388770634,37.779209850924794,39.293025970458984,4290000,0.0,0.0,0.0
2024-07-15 00:00:00-04:00,39.38764138731104,40.910920874383855,39.26464270079859,40.13508605957031,5542800,0.0,0.0,0.0
2024-07-22 00:00:00-04:00,40.14455210444929,40.69330912591218,39.85124863537027,40.63654327392578,4192400,0.0,0.0,0.0
2024-07-29 00:00:00-04:00,40.68384467699692,41.21368209304057,40.07831826393111,40.53246307373047,5668700,0.0,0.0,0.0
2024-08-05 00:00:00-04:00,39.99316744172382,40.78792179208369,39.53429092388443,40.50408172607422,10024700,0.0,0.0,0.0
2024-08-12 00:00:00-04:00,40.62707718299448,41.23260723450556,40.13035796512741,41.21368408203125,5931500,0.0,0.0,0.0
2024-08-19 00:00:00-04:00,41.25152639393705,42.29227811500684,41.25152639393705,42.197662353515625,4654800,0.0,0.0,0.0
2024-08-26 00:00:00-04:00,42.377430078367944,42.67072991304639,41.942208407461585,42.66127014160156,5763200,0.0,0.0,0.0
2024-09-02 00:00:00-04:00,42.32066562540735,42.93565550947277,41.92329021174489,42.01790237426758,6002600,0.0,0.0,0.0
2024-09-09 00:00:00-04:00,42.140897735901845,42.96403503417969,41.663098051785845,42.96403503417969,5560600,0.0,0.0,0.0
2024-09-16 00:00:00-04:00,43.18164189973618,43.71147930307097,42.58084719127701,42.72749710083008,4968600,0.457,0.0,0.0
2024-09-23 00:00:00-04:00,43.29250729584501,43.66522366904788,43.010582117116144,43.407188415527344,6149500,0.0,0.0,0.0
2024-09-30 00:00:00-04:00,43.445416420669225,43.66044762018934,42.84333781156582,43.177825927734375,4817400,0.0,0.0,0.0
2024-10-07 00:00:00-04:00,43.09181094527721,43.216050941528,42.67608690723423,43.1873779296875,3270700,0.0,0.0,0.0
2024-10-14 00:00:00-04:00,43.149158571947105,44.219524239257375,43.03447380192845,44.16218185424805,4604700,0.0,0.0,0.0
2024-10-21 00:00:00-04:00,44.162177244566145,44.20996073759597,43.17304399169683,43.196937561035156,3805900,0.0,0.0,0.0
2024-10-28 00:00:00-04:00,43.35940457582606,43.6078845864234,42.68564890167916,42.72865295410156,4293000,0.0,0.0,0.0
2024-11-04 00:00:00-05:00,42.77643699740294,44.16218026389065,42.61397238086464,43.97104263305664,4798900,0.0,0.0,0.0
2024-11-11 00:00:00-05:00,44.09528017616411,44.410657796265866,43.34028858166011,43.598323822021484,3401400,0.0,0.0,0.0
2024-11-18 00:00:00-05:00,43.569654221433616,44.73559041704349,43.35558183791868,44.65913391113281,3883000,0.0,0.0,0.0
2024-11-25 00:00:00-05:00,44.93628220763589,45.41412442127007,44.792928085286924,45.20387268066406,2970200,0.0,0.0,0.0
2024-12-02 00:00:00-05:00,45.19431933298791,45.19431933298791,43.87547374734982,43.9423713684082,4558400,0.0,0.0,0.0
2024-12-09 00:00:00-05:00,44.095280233323884,44.134463646016904,42.934123473015944,43.14915466308594,4781100,0.0,0.0,0.0
2024-12-16 00:00:00-05:00,43.14915819914955,43.235169953096815,40.52102572877415,41.295127868652344,6295600,0.547,0.0,0.0
2024-12-23 00:00:00-05:00,41.67182754222112,42.32038056452324,41.492752362335544,41.97190475463867,3533500,0.0,0.0,0.0
2024-12-30 00:00:00-05:00,41.75894497097075,42.07838234923458,41.313671982399505,42.020301818847656,4251800,0.0,0.0,0.0
2025-01-06 00:00:00-05:00,42.136458094719096,42.15581827101285,40.75223687661209,40.82967758178711,4035700,0.0,0.0,0.0
2025-01-13 00:00:00-05:00,40.839357063089125,42.65433210423112,40.75320926094508,42.504295349121094,3898400,0.0,0.0,0.0
2025-01-20 00:00:00-05:00,42.601094003280124,42.94956981395339,42.078383979846535,42.58173751831055,3734000,0.0,0.0,0.0
2025-01-27 00:00:00-05:00,42.76565000467271,43.1867255219478,42.461702997635584,42.69789123535156,5147000,0.0,0.0,0.0
2025-02-03 00:00:00-05:00,42.242936877998694,42.69789178579949,41.78798197019789,42.31069564819336,4961100,0.0,0.0,0.0
2025-02-10 00:00:00-05:00,42.40749750272556,43.152847684559106,42.05902170939287,42.64949417114258,3397000,0.0,0.0,0.0
2025-02-17 00:00:00-05:00,42.60108870750654,43.360958041985015,42.494613283104684,43.239959716796875,2659300,0.0,0.0,0.0
2025-02-24 00:00:00-05:00,43.327081336598496,43.83527581082953,43.02700783483348,43.64651870727539,3617700,0.0,0.0,0.0
2025-03-03 00:00:00-05:00,43.76268049265519,44.024037360721145,42.23326333341825,43.25932693481445,5264000,0.0,0.0,0.0
2025-03-10 00:00:00-04:00,43.143166487205995,44.00467405067975,41.68150820972403,42.378456115722656,5464500,0.0,0.0,0.0
2025-03-17 00:00:00-04:00,42.3978167381882,43.123806763474214,42.388138495917914,42.610774993896484,2867900,0.0,0.0,0.0
2025-03-24 00:00:00-04:00,42.35909782752755,42.77049514327078,42.020303947878666,42.32038116455078,2873800,0.419,0.0,0.0
2025-03-31 00:00:00-04:00,42.70752365339773,43.45026154188189,39.37496881131769,39.46292495727539,6751700,0.0,0.0,0.0
2025-04-07 00:00:00-04:00,38.59314267184428,40.21544219636794,37.05879557478406,39.502017974853516,14133800,0.0,0.0,0.0
2025-04-14 00:00:00-04:00,39.92224967386039,40.6210113794831,39.523518610156714,40.2545280456543,3884600,0.0,0.0,0.0
2025-04-21 00:00:00-04:00,40.05907115047792,41.29045344725633,39.199055928311104,40.645442962646484,4390100,0.0,0.0,0.0
2025-04-28 00:00:00-04:00,40.71385465029209,41.53380070775581,40.239868946319916,41.45659255981445,3373000,0.0,0.0,0.0
2025-05-05 00:00:00-04:00,41.31000233211704,41.588529520045775,40.865334092267645,41.24159240722656,3156000,0.0,0.0,0.0
2025-05-12 00:00:00-04:00,41.867054165217525,42.287288665771484,41.01681391603068,42.287288665771484,4940900,0.0,0.0,0.0
2025-05-19 00:00:00-04:00,42.01365039097432,42.375246230990925,40.493965891584374,40.889766693115234,3485900,0.0,0.0,0.0
2025-05-26 00:00:00-04:00,41.270909860819415,41.67159816129101,41.02658763545719,41.51523208618164,3532500,0.0,0.0,0.0
2025-06-02 00:00:00-04:00,41.3784122364686,41.612963213163304,40.977723935997005,41.51523208618164,5447000,0.0,0.0,0.0
2025-06-09 00:00:00-04:00,41.59341755508564,42.08206201247501,41.42727650098135,41.554325103759766,5489400,0.0,0.0,0.0
2025-06-16 00:00:00-04:00,41.74000674546106,41.90614779196281,41.138976178089386,41.417503356933594,4385000,0.0,0.0,0.0
2025-06-23 00:00:00-04:00,40.95817773093099,41.525007083522134,40.728514242486696,41.24159240722656,5685500,0.5,0.0,0.0
2025-06-30 00:00:00-04:00,41.69935871851072,43.17290203790053,41.55595954926254,43.029502868652344,4286000,0.0,0.0,0.0
2025-07-07 00:00:00-04:00,42.950387917298144,43.43992040621607,42.47074333501976,43.04928207397461,6705000,0.0,0.0,0.0
2025-07-14 00:00:00-04:00,42.9998342654354,43.14817927050124,42.17900221576299,42.891048431396484,5590800,0.0,0.0,0.0
2025-07-21 00:00:00-04:00,43.039391638818614,43.810776578773726,42.80204039514087,43.573429107666016,4691300,0.0,0.0,0.0
2025-07-28 00:00:00-04:00,43.484423692808306,43.5140911841205,41.66474336511501,41.961429595947266,5500600,0.0,0.0,0.0
2025-08-04 00:00:00-04:00,42.070217744854226,42.82775740897097,42.02077066575353,42.62403106689453,4879200,0.0,0.0,0.0
2025-08-11 00:00:00-04:00,42.67347935523769,43.6723238743259,42.3471218621503,43.345970153808594,6511800,0.0,0.0,0.0
2025-08-18 00:00:00-04:00,43.38552495995852,44.681059463315655,43.19762456419513,44.552494049072266,7759800,0.0,0.0,0.0
2025-08-25 00:00:00-04:00,44.43382107086251,44.52876156999686,43.909675271461296,44.512935638427734,8065300,0.0,0.0,0.0
2025-09-01 00:00:00-04:00,44.22614243030748,44.779955737797415,43.85033784838915,44.44371032714844,9277400,0.0,0.0,0.0
2025-09-08 00:00:00-04:00,44.2953670778958,44.48326747401865,43.71583618562756,44.15691375732422,7756800,0.0,0.0,0.0
2025-09-15 00:00:00-04:00,44.255807355542885,44.39426067438478,43.60309615773824,43.79099655151367,8711700,0.0,0.0,0.0
2025-09-22 00:00:00-04:00,43.227294921875,43.49431367413431,42.80204325411798,43.227294921875,7358400,0.489,0.0,0.0
2025-09-29 00:00:00-04:00,43.810001373291016,44.46500015258789,43.47999954223633,44.279998779296875,7961700,0.0,0.0,0.0
2025-10-06 00:00:00-04:00,44.29999923706055,44.29999923706055,42.58000183105469,42.599998474121094,11974185,0.0,0.0,0.0
